GIFx,01,Bruna G.
GIFx,02,Fernanda
GIFx,03,Bruna B.
GIFx,04,Isabelle
R25x,01,TxHiddenH1
R25x,02,Juliana
R25x,03,Juliana
R25x,04,Juliana
R25x,05,Juliana
R25x,06,TxHiddenF0
RECx,01,Isabela
RECx,02,Isabela
RECx,03,Isabela
RECx,04,Natalia B.
RECx,05,Isabela
RECx,06,Isabela
RECx,07,Isabela
RECx,08,TxHiddenF0
RECx,09,TxHiddenF0
RECx,10,TxHiddenF0
RECx,11,TxHiddenA0
RECx,12,TxHiddenF1
RECx,13,TxHiddenF1
RECx,14,Aline
RECx,15,Aline
RECx,16,Aline
UnderAI,01,Juliana B.
UnderAI,02,Juliana B.
UnderAI,03,Juliana
UnderAI,04,Juliana
UnderAI,05,Isabelle
UnderAI,06,Isabelle
UnderAI,07,Carol
UnderAI,08,Carol
UnderAI,09,Juliana B.
UnderAI,10,Juliana B.
Arquivo,01,Bruna B.
Arquivo,02,Bruna G.
Arquivo,03,Fernanda
Arquivo,04,Glenda
Arquivo,05,Graziela
Arquivo,06,Helen
Arquivo,07,Juliana B.
